{
	"agi": 5,
	"agi_asc_mult": 1,
	"agi_asc_points": 0,
	"agi_exp": 85.23108683869906,
	"agi_mult": 1,
	"augmentations": [],
	"cha": 7,
	"cha_asc_mult": 1,
	"cha_asc_points": 0,
	"cha_exp": 123.07536039004736,
	"cha_mult": 1,
	"def": 11,
	"def_asc_mult": 1,
	"def_asc_points": 0,
	"def_exp": 194.64684287514655,
	"def_mult": 1.04,
	"dex": 11,
	"dex_asc_mult": 1,
	"dex_asc_points": 0,
	"dex_exp": 197.6310868386966,
	"dex_mult": 1,
	"earnedRespect": 2.3120829284806637,
	"expGain": {
		"agi_exp": 0.006666666666666667,
		"cha_exp": 0.01,
		"def_exp": 0.016833333333333332,
		"dex_exp": 0.016666666666666666,
		"hack_exp": 0,
		"str_exp": 0.016833333333333332
	},
	"hack": 1,
	"hack_asc_mult": 1,
	"hack_asc_points": 0,
	"hack_exp": 5.066666666666669,
	"hack_mult": 1,
	"moneyGain": 5.500651268199395,
	"name": "Member1",
	"respectGain": 0.0008974138551287307,
	"str": 11,
	"str_asc_mult": 1,
	"str_asc_points": 0,
	"str_exp": 194.64684287514655,
	"str_mult": 1.04,
	"task": "Mug People",
	"upgrades": [
		"Baseball Bat"
	],
	"wantedLevelGain": 0.00015811644196793594
}